{
  "IcoMoonType": "selection",
  "icons": [
    {
      "icon": {
        "paths": [
          "M8.44 8.44l0 433.231 433.231-0-0-433.231-433.231 0z",
          "M225.055 1016.462l-48.726-48.726 48.726-48.726 48.726 48.726-48.726 48.726zM233.495 247.56v720.176h-16.879v-720.176h16.879z"
        ],
        "attrs": [
          {
            "fill": "none",
            "stroke": "rgb(187, 140, 95)",
            "strokeLinejoin": "miter",
            "strokeLinecap": "butt",
            "strokeMiterlimit": "4",
            "strokeWidth": 16.87912087912088
          },
          {
            "fill": "rgb(187, 140, 95)"
          }
        ],
        "width": 450,
        "isMulticolor": false,
        "isMulticolor2": true,
        "grid": 0,
        "tags": [
          "pagin-down"
        ]
      },
      "attrs": [
        {
          "fill": "none",
          "stroke": "rgb(187, 140, 95)",
          "strokeLinejoin": "miter",
          "strokeLinecap": "butt",
          "strokeMiterlimit": "4",
          "strokeWidth": 16.87912087912088
        },
        {
          "fill": "rgb(187, 140, 95)"
        }
      ],
      "properties": {
        "order": 3,
        "id": 1,
        "name": "pagin-down",
        "prevSize": 32
      },
      "setIdx": 0,
      "setId": 2,
      "iconIdx": 0
    },
    {
      "icon": {
        "paths": [
          "M12.19 1011.81l0-625.778h625.778v625.778h-625.778z",
          "M325.079 10.888l-70.381 70.382 70.381 70.382 70.381-70.382-70.381-70.382zM337.27 666.413v-585.143h-24.381v585.143h24.381z"
        ],
        "attrs": [
          {
            "fill": "none",
            "stroke": "rgb(187, 140, 95)",
            "strokeLinejoin": "miter",
            "strokeLinecap": "butt",
            "strokeMiterlimit": "4",
            "strokeWidth": 24.38095238095238
          },
          {
            "fill": "rgb(187, 140, 95)"
          }
        ],
        "width": 650,
        "isMulticolor": false,
        "isMulticolor2": true,
        "grid": 0,
        "tags": [
          "pagin-up"
        ]
      },
      "attrs": [
        {
          "fill": "none",
          "stroke": "rgb(187, 140, 95)",
          "strokeLinejoin": "miter",
          "strokeLinecap": "butt",
          "strokeMiterlimit": "4",
          "strokeWidth": 24.38095238095238
        },
        {
          "fill": "rgb(187, 140, 95)"
        }
      ],
      "properties": {
        "order": 2,
        "id": 0,
        "name": "pagin-up",
        "prevSize": 32
      },
      "setIdx": 0,
      "setId": 2,
      "iconIdx": 1
    }
  ],
  "height": 1024,
  "preferences": {
    "showGlyphs": true,
    "showQuickUse": true,
    "showQuickUse2": true,
    "showSVGs": true,
    "fontPref": {
      "prefix": "icon-",
      "metadata": {
        "fontFamily": "icomoon"
      },
      "metrics": {
        "emSize": 1024,
        "baseline": 6.25,
        "whitespace": 50
      },
      "embed": false
    },
    "imagePref": {
      "prefix": "icon-",
      "png": true,
      "useClassSelector": true,
      "color": 0,
      "bgColor": 16777215,
      "classSelector": ".icon",
      "name": "icomoon"
    },
    "historySize": 50,
    "showCodes": true,
    "gridSize": 16
  }
}